Method,Job,AnalyzeLaunchVariance,EvaluateOverhead,MaxAbsoluteError,MaxRelativeError,MinInvokeCount,MinIterationTime,OutlierMode,Affinity,EnvironmentVariables,Jit,LargeAddressAware,Platform,PowerPlanMode,Runtime,AllowVeryLargeObjects,Concurrent,CpuGroups,Force,HeapAffinitizeMask,HeapCount,NoAffinitize,RetainVm,Server,Arguments,BuildConfiguration,Clock,EngineFactory,NuGetReferences,Toolchain,IsMutator,InvocationCount,IterationCount,IterationTime,LaunchCount,MaxIterationCount,MaxWarmupIterationCount,MemoryRandomization,MinIterationCount,MinWarmupIterationCount,RunStrategy,UnrollFactor,WarmupCount,Mean,Error,StdDev,Operations,Iterations,Ratio,MannWhitney(3%),RatioSD,Rank
SpanJson_Deserialize_Large,Overhead-Fixed-NoEnergy-7,False,Default,Default,Default,Default,Default,DontRemove,1111111111111111,Empty,RyuJit,Default,X64,8c5e7fda-e8bf-4a96-9a85-a6e23a8c635c,.NET 8.0,False,True,False,True,Default,Default,False,False,False,Default,Default,Default,Default,Default,Default,Default,Default,15,1s,1,Default,Default,Default,Default,Default,Default,16,6,"151,046.2 ns",113.65 ns,106.31 ns,"6,637",15.00,0.75,Faster,0.00,1
STJ_Deserialize_Large,Overhead-Fixed-NoEnergy-7,False,Default,Default,Default,Default,Default,DontRemove,1111111111111111,Empty,RyuJit,Default,X64,8c5e7fda-e8bf-4a96-9a85-a6e23a8c635c,.NET 8.0,False,True,False,True,Default,Default,False,False,False,Default,Default,Default,Default,Default,Default,Default,Default,15,1s,1,Default,Default,Default,Default,Default,Default,16,6,"201,578.9 ns",362.73 ns,339.29 ns,"4,976",15.00,1.00,Baseline,0.00,2
Jil_Deserialize_Large,Overhead-Fixed-NoEnergy-7,False,Default,Default,Default,Default,Default,DontRemove,1111111111111111,Empty,RyuJit,Default,X64,8c5e7fda-e8bf-4a96-9a85-a6e23a8c635c,.NET 8.0,False,True,False,True,Default,Default,False,False,False,Default,Default,Default,Default,Default,Default,Default,Default,15,1s,1,Default,Default,Default,Default,Default,Default,16,6,"213,719.9 ns",218.93 ns,204.78 ns,"4,675",15.00,1.06,Slower,0.00,3
Newtonsoft_Deserialize_Large,Overhead-Fixed-NoEnergy-7,False,Default,Default,Default,Default,Default,DontRemove,1111111111111111,Empty,RyuJit,Default,X64,8c5e7fda-e8bf-4a96-9a85-a6e23a8c635c,.NET 8.0,False,True,False,True,Default,Default,False,False,False,Default,Default,Default,Default,Default,Default,Default,Default,15,1s,1,Default,Default,Default,Default,Default,Default,16,6,"240,136.7 ns",445.14 ns,416.39 ns,"4,176",15.00,1.19,Slower,0.00,4
Utf8Json_Deserialize_Large,Overhead-Fixed-NoEnergy-7,False,Default,Default,Default,Default,Default,DontRemove,1111111111111111,Empty,RyuJit,Default,X64,8c5e7fda-e8bf-4a96-9a85-a6e23a8c635c,.NET 8.0,False,True,False,True,Default,Default,False,False,False,Default,Default,Default,Default,Default,Default,Default,Default,15,1s,1,Default,Default,Default,Default,Default,Default,16,6,"274,623.7 ns",315.73 ns,295.33 ns,"3,616",15.00,1.36,Slower,0.00,5
SpanJson_Deserialize_Medium,Overhead-Fixed-NoEnergy-7,False,Default,Default,Default,Default,Default,DontRemove,1111111111111111,Empty,RyuJit,Default,X64,8c5e7fda-e8bf-4a96-9a85-a6e23a8c635c,.NET 8.0,False,True,False,True,Default,Default,False,False,False,Default,Default,Default,Default,Default,Default,Default,Default,15,1s,1,Default,Default,Default,Default,Default,Default,16,6,"40,584.5 ns",93.08 ns,87.07 ns,"24,616",15.00,0.74,Faster,0.00,1
STJ_Deserialize_Medium,Overhead-Fixed-NoEnergy-7,False,Default,Default,Default,Default,Default,DontRemove,1111111111111111,Empty,RyuJit,Default,X64,8c5e7fda-e8bf-4a96-9a85-a6e23a8c635c,.NET 8.0,False,True,False,True,Default,Default,False,False,False,Default,Default,Default,Default,Default,Default,Default,Default,15,1s,1,Default,Default,Default,Default,Default,Default,16,6,"54,532.7 ns",43.74 ns,40.91 ns,"18,432",15.00,1.00,Baseline,0.00,2
Jil_Deserialize_Medium,Overhead-Fixed-NoEnergy-7,False,Default,Default,Default,Default,Default,DontRemove,1111111111111111,Empty,RyuJit,Default,X64,8c5e7fda-e8bf-4a96-9a85-a6e23a8c635c,.NET 8.0,False,True,False,True,Default,Default,False,False,False,Default,Default,Default,Default,Default,Default,Default,Default,15,1s,1,Default,Default,Default,Default,Default,Default,16,6,"56,073.0 ns",71.22 ns,66.62 ns,"17,835",15.00,1.03,Same,0.00,3
Utf8Json_Deserialize_Medium,Overhead-Fixed-NoEnergy-7,False,Default,Default,Default,Default,Default,DontRemove,1111111111111111,Empty,RyuJit,Default,X64,8c5e7fda-e8bf-4a96-9a85-a6e23a8c635c,.NET 8.0,False,True,False,True,Default,Default,False,False,False,Default,Default,Default,Default,Default,Default,Default,Default,15,1s,1,Default,Default,Default,Default,Default,Default,16,6,"63,333.9 ns",73.77 ns,69.01 ns,"15,776",15.00,1.16,Slower,0.00,4
Newtonsoft_Deserialize_Medium,Overhead-Fixed-NoEnergy-7,False,Default,Default,Default,Default,Default,DontRemove,1111111111111111,Empty,RyuJit,Default,X64,8c5e7fda-e8bf-4a96-9a85-a6e23a8c635c,.NET 8.0,False,True,False,True,Default,Default,False,False,False,Default,Default,Default,Default,Default,Default,Default,Default,15,1s,1,Default,Default,Default,Default,Default,Default,16,6,"67,241.4 ns",186.84 ns,174.77 ns,"14,960",15.00,1.23,Slower,0.00,5
SpanJson_Deserialize_Small,Overhead-Fixed-NoEnergy-7,False,Default,Default,Default,Default,Default,DontRemove,1111111111111111,Empty,RyuJit,Default,X64,8c5e7fda-e8bf-4a96-9a85-a6e23a8c635c,.NET 8.0,False,True,False,True,Default,Default,False,False,False,Default,Default,Default,Default,Default,Default,Default,Default,15,1s,1,Default,Default,Default,Default,Default,Default,16,6,"1,163.2 ns",0.67 ns,0.62 ns,"858,656",15.00,0.58,Faster,0.01,1
Utf8Json_Deserialize_Small,Overhead-Fixed-NoEnergy-7,False,Default,Default,Default,Default,Default,DontRemove,1111111111111111,Empty,RyuJit,Default,X64,8c5e7fda-e8bf-4a96-9a85-a6e23a8c635c,.NET 8.0,False,True,False,True,Default,Default,False,False,False,Default,Default,Default,Default,Default,Default,Default,Default,15,1s,1,Default,Default,Default,Default,Default,Default,16,6,"2,003.0 ns",4.63 ns,4.33 ns,"498,160",15.00,1.00,Same,0.01,2
STJ_Deserialize_Small,Overhead-Fixed-NoEnergy-7,False,Default,Default,Default,Default,Default,DontRemove,1111111111111111,Empty,RyuJit,Default,X64,8c5e7fda-e8bf-4a96-9a85-a6e23a8c635c,.NET 8.0,False,True,False,True,Default,Default,False,False,False,Default,Default,Default,Default,Default,Default,Default,Default,15,1s,1,Default,Default,Default,Default,Default,Default,16,6,"2,003.1 ns",28.63 ns,26.79 ns,"500,784",15.00,1.00,Baseline,0.02,2
Jil_Deserialize_Small,Overhead-Fixed-NoEnergy-7,False,Default,Default,Default,Default,Default,DontRemove,1111111111111111,Empty,RyuJit,Default,X64,8c5e7fda-e8bf-4a96-9a85-a6e23a8c635c,.NET 8.0,False,True,False,True,Default,Default,False,False,False,Default,Default,Default,Default,Default,Default,Default,Default,15,1s,1,Default,Default,Default,Default,Default,Default,16,6,"2,282.3 ns",2.76 ns,2.58 ns,"439,163",15.00,1.14,Slower,0.01,3
Newtonsoft_Deserialize_Small,Overhead-Fixed-NoEnergy-7,False,Default,Default,Default,Default,Default,DontRemove,1111111111111111,Empty,RyuJit,Default,X64,8c5e7fda-e8bf-4a96-9a85-a6e23a8c635c,.NET 8.0,False,True,False,True,Default,Default,False,False,False,Default,Default,Default,Default,Default,Default,Default,Default,15,1s,1,Default,Default,Default,Default,Default,Default,16,6,"3,558.5 ns",1.15 ns,1.07 ns,"281,120",15.00,1.78,Slower,0.02,4
SpanJson_Serialize_Large,Overhead-Fixed-NoEnergy-7,False,Default,Default,Default,Default,Default,DontRemove,1111111111111111,Empty,RyuJit,Default,X64,8c5e7fda-e8bf-4a96-9a85-a6e23a8c635c,.NET 8.0,False,True,False,True,Default,Default,False,False,False,Default,Default,Default,Default,Default,Default,Default,Default,15,1s,1,Default,Default,Default,Default,Default,Default,16,6,"160,491.9 ns","4,906.83 ns","4,589.86 ns","6,312",15.00,0.85,Faster,0.02,1
STJ_Serialize_Large,Overhead-Fixed-NoEnergy-7,False,Default,Default,Default,Default,Default,DontRemove,1111111111111111,Empty,RyuJit,Default,X64,8c5e7fda-e8bf-4a96-9a85-a6e23a8c635c,.NET 8.0,False,True,False,True,Default,Default,False,False,False,Default,Default,Default,Default,Default,Default,Default,Default,15,1s,1,Default,Default,Default,Default,Default,Default,16,6,"187,877.0 ns",235.01 ns,219.83 ns,"5,344",15.00,1.00,Baseline,0.00,2
Utf8Json_Serialize_Large,Overhead-Fixed-NoEnergy-7,False,Default,Default,Default,Default,Default,DontRemove,1111111111111111,Empty,RyuJit,Default,X64,8c5e7fda-e8bf-4a96-9a85-a6e23a8c635c,.NET 8.0,False,True,False,True,Default,Default,False,False,False,Default,Default,Default,Default,Default,Default,Default,Default,15,1s,1,Default,Default,Default,Default,Default,Default,16,6,"276,768.9 ns","1,521.39 ns","1,423.11 ns","3,600",15.00,1.47,Slower,0.01,3
Jil_Serialize_Large,Overhead-Fixed-NoEnergy-7,False,Default,Default,Default,Default,Default,DontRemove,1111111111111111,Empty,RyuJit,Default,X64,8c5e7fda-e8bf-4a96-9a85-a6e23a8c635c,.NET 8.0,False,True,False,True,Default,Default,False,False,False,Default,Default,Default,Default,Default,Default,Default,Default,15,1s,1,Default,Default,Default,Default,Default,Default,16,6,"286,383.3 ns",370.50 ns,346.57 ns,"3,512",15.00,1.52,Slower,0.00,4
Newtonsoft_Serialize_Large,Overhead-Fixed-NoEnergy-7,False,Default,Default,Default,Default,Default,DontRemove,1111111111111111,Empty,RyuJit,Default,X64,8c5e7fda-e8bf-4a96-9a85-a6e23a8c635c,.NET 8.0,False,True,False,True,Default,Default,False,False,False,Default,Default,Default,Default,Default,Default,Default,Default,15,1s,1,Default,Default,Default,Default,Default,Default,16,6,"309,069.8 ns",522.98 ns,489.20 ns,"3,232",15.00,1.65,Slower,0.00,5
Jil_Serialize_Medium,Overhead-Fixed-NoEnergy-7,False,Default,Default,Default,Default,Default,DontRemove,1111111111111111,Empty,RyuJit,Default,X64,8c5e7fda-e8bf-4a96-9a85-a6e23a8c635c,.NET 8.0,False,True,False,True,Default,Default,False,False,False,Default,Default,Default,Default,Default,Default,Default,Default,15,1s,1,Default,Default,Default,Default,Default,Default,16,6,"37,294.0 ns",281.19 ns,263.02 ns,"26,967",15.00,0.84,Faster,0.01,1
SpanJson_Serialize_Medium,Overhead-Fixed-NoEnergy-7,False,Default,Default,Default,Default,Default,DontRemove,1111111111111111,Empty,RyuJit,Default,X64,8c5e7fda-e8bf-4a96-9a85-a6e23a8c635c,.NET 8.0,False,True,False,True,Default,Default,False,False,False,Default,Default,Default,Default,Default,Default,Default,Default,15,1s,1,Default,Default,Default,Default,Default,Default,16,6,"38,948.9 ns",367.81 ns,344.05 ns,"25,946",15.00,0.88,Faster,0.01,2
STJ_Serialize_Medium,Overhead-Fixed-NoEnergy-7,False,Default,Default,Default,Default,Default,DontRemove,1111111111111111,Empty,RyuJit,Default,X64,8c5e7fda-e8bf-4a96-9a85-a6e23a8c635c,.NET 8.0,False,True,False,True,Default,Default,False,False,False,Default,Default,Default,Default,Default,Default,Default,Default,15,1s,1,Default,Default,Default,Default,Default,Default,16,6,"44,410.1 ns",113.52 ns,106.19 ns,"22,480",15.00,1.00,Baseline,0.00,3
Newtonsoft_Serialize_Medium,Overhead-Fixed-NoEnergy-7,False,Default,Default,Default,Default,Default,DontRemove,1111111111111111,Empty,RyuJit,Default,X64,8c5e7fda-e8bf-4a96-9a85-a6e23a8c635c,.NET 8.0,False,True,False,True,Default,Default,False,False,False,Default,Default,Default,Default,Default,Default,Default,Default,15,1s,1,Default,Default,Default,Default,Default,Default,16,6,"51,178.2 ns",160.66 ns,150.28 ns,"19,632",15.00,1.15,Slower,0.00,4
Utf8Json_Serialize_Medium,Overhead-Fixed-NoEnergy-7,False,Default,Default,Default,Default,Default,DontRemove,1111111111111111,Empty,RyuJit,Default,X64,8c5e7fda-e8bf-4a96-9a85-a6e23a8c635c,.NET 8.0,False,True,False,True,Default,Default,False,False,False,Default,Default,Default,Default,Default,Default,Default,Default,15,1s,1,Default,Default,Default,Default,Default,Default,16,6,"58,368.1 ns",481.90 ns,450.77 ns,"17,392",15.00,1.31,Slower,0.01,5
Utf8Json_Serialize_Small,Overhead-Fixed-NoEnergy-7,False,Default,Default,Default,Default,Default,DontRemove,1111111111111111,Empty,RyuJit,Default,X64,8c5e7fda-e8bf-4a96-9a85-a6e23a8c635c,.NET 8.0,False,True,False,True,Default,Default,False,False,False,Default,Default,Default,Default,Default,Default,Default,Default,15,1s,1,Default,Default,Default,Default,Default,Default,16,6,882.7 ns,1.12 ns,1.05 ns,"1,136,416",15.00,0.68,Faster,0.00,1
SpanJson_Serialize_Small,Overhead-Fixed-NoEnergy-7,False,Default,Default,Default,Default,Default,DontRemove,1111111111111111,Empty,RyuJit,Default,X64,8c5e7fda-e8bf-4a96-9a85-a6e23a8c635c,.NET 8.0,False,True,False,True,Default,Default,False,False,False,Default,Default,Default,Default,Default,Default,Default,Default,15,1s,1,Default,Default,Default,Default,Default,Default,16,6,"1,213.5 ns",2.95 ns,2.76 ns,"823,360",15.00,0.93,Faster,0.00,2
STJ_Serialize_Small,Overhead-Fixed-NoEnergy-7,False,Default,Default,Default,Default,Default,DontRemove,1111111111111111,Empty,RyuJit,Default,X64,8c5e7fda-e8bf-4a96-9a85-a6e23a8c635c,.NET 8.0,False,True,False,True,Default,Default,False,False,False,Default,Default,Default,Default,Default,Default,Default,Default,15,1s,1,Default,Default,Default,Default,Default,Default,16,6,"1,303.9 ns",2.67 ns,2.50 ns,"764,768",15.00,1.00,Baseline,0.00,3
Jil_Serialize_Small,Overhead-Fixed-NoEnergy-7,False,Default,Default,Default,Default,Default,DontRemove,1111111111111111,Empty,RyuJit,Default,X64,8c5e7fda-e8bf-4a96-9a85-a6e23a8c635c,.NET 8.0,False,True,False,True,Default,Default,False,False,False,Default,Default,Default,Default,Default,Default,Default,Default,15,1s,1,Default,Default,Default,Default,Default,Default,16,6,"1,748.4 ns",3.61 ns,3.37 ns,"573,933",15.00,1.34,Slower,0.00,4
Newtonsoft_Serialize_Small,Overhead-Fixed-NoEnergy-7,False,Default,Default,Default,Default,Default,DontRemove,1111111111111111,Empty,RyuJit,Default,X64,8c5e7fda-e8bf-4a96-9a85-a6e23a8c635c,.NET 8.0,False,True,False,True,Default,Default,False,False,False,Default,Default,Default,Default,Default,Default,Default,Default,15,1s,1,Default,Default,Default,Default,Default,Default,16,6,"2,214.0 ns",11.38 ns,10.64 ns,"454,048",15.00,1.70,Slower,0.01,5
